Timestamp,AccX,AccY,AccZ,GyroX,GyroY,GyroZ,Speed,ThrottlePct,BrakePct,cause_label
0,0.4,0.1,0.26,0.55,0.52,0.08,20.9,58.0,0.0,rash_driving
1,3.327,0.374,0.229,0.598,0.512,0.099,21.878,70.465,0.0,rash_driving
2,5.391,0.441,0.145,0.634,0.49,0.11,22.919,79.878,0.0,rash_driving
3,7.082,0.25,0.039,0.65,0.458,0.106,23.995,91.935,0.0,rash_driving
4,6.028,-0.055,-0.053,0.641,0.422,0.09,25.07,89.642,0.0,rash_driving
5,2.537,-0.242,-0.098,0.61,0.39,0.069,26.11,73.56,0.0,rash_driving
6,0.4,-0.17,-0.081,0.564,0.368,0.054,27.087,61.669,0.0,rash_driving
7,1.5,0.106,-0.008,0.515,0.36,0.051,27.987,66.0,0.0,rash_driving
8,0.4,0.378,0.096,0.474,0.368,0.061,28.887,58.0,0.0,rash_driving
9,0.4,0.439,0.194,0.452,0.391,0.081,29.787,58.0,0.0,rash_driving
10,0.4,0.244,0.253,0.454,0.423,0.1,30.687,58.0,0.0,rash_driving
11,0.4,-0.06,0.251,0.479,0.459,0.11,31.587,58.0,0.0,rash_driving
12,2.145,-0.243,0.19,0.522,0.491,0.106,32.487,58.0,0.0,rash_driving
13,5.769,-0.167,0.09,0.572,0.513,0.09,33.387,71.593,0.0,rash_driving
14,7.034,0.112,-0.013,0.616,0.52,0.069,34.29,83.082,0.0,rash_driving
15,5.567,0.381,-0.084,0.644,0.511,0.054,35.271,82.388,0.0,rash_driving
16,3.676,0.438,-0.097,0.649,0.489,0.051,36.314,83.723,0.0,rash_driving
17,1.918,0.239,-0.049,0.63,0.456,0.061,37.39,86.761,0.0,rash_driving
18,0.4,-0.065,0.045,0.591,0.421,0.081,38.465,68.715,0.0,rash_driving
19,0.4,-0.244,0.151,0.542,0.389,0.1,39.503,58.0,0.0,rash_driving
20,0.4,-0.163,0.232,0.496,0.367,0.11,40.477,58.0,0.0,rash_driving
21,0.4,0.118,0.26,0.462,0.36,0.105,41.377,58.0,0.0,rash_driving
22,0.4,0.385,0.225,0.45,0.369,0.089,42.277,58.0,0.0,rash_driving
23,1.968,0.436,0.14,0.462,0.392,0.069,43.177,66.0,0.0,rash_driving
24,4.816,0.233,0.033,0.496,0.424,0.053,44.077,66.0,0.0,rash_driving
25,5.586,-0.071,-0.057,0.543,0.46,0.051,44.977,58.0,0.0,rash_driving
26,5.926,-0.245,-0.099,0.592,0.492,0.062,45.877,68.924,0.0,rash_driving
27,5.736,-0.159,-0.079,0.63,0.513,0.082,46.777,86.898,0.0,rash_driving
28,2.097,0.124,-0.003,0.649,0.52,0.1,47.683,83.756,0.0,rash_driving
29,0.4,0.388,0.102,0.643,0.511,0.11,48.667,82.307,0.0,rash_driving
30,0.4,0.435,0.199,0.615,0.488,0.105,49.712,74.907,0.0,rash_driving
31,0.4,0.228,0.254,0.571,0.455,0.089,50.789,63.368,0.0,rash_driving
32,0.4,-0.076,0.249,0.521,0.419,0.068,51.862,58.0,0.0,rash_driving
33,1.5,-0.246,0.185,0.479,0.388,0.053,52.899,66.0,0.0,rash_driving
34,1.5,-0.155,0.084,0.454,0.367,0.051,53.87,66.0,0.0,rash_driving
35,2.583,0.129,-0.019,0.452,0.36,0.062,54.77,58.0,0.0,rash_driving
36,4.957,0.391,-0.086,0.475,0.369,0.082,55.67,58.0,0.0,rash_driving
37,7.086,0.433,-0.096,0.516,0.393,0.101,56.57,66.0,0.0,rash_driving
38,5.368,0.222,-0.044,0.565,0.426,0.11,57.47,61.897,0.0,rash_driving
39,3.285,-0.081,0.051,0.611,0.461,0.105,58.37,73.744,0.0,rash_driving
40,0.4,-0.247,0.156,0.641,0.493,0.088,59.27,81.737,0.0,rash_driving
41,0.4,-0.151,0.235,0.65,0.514,0.068,60.17,83.918,0.0,rash_driving
42,0.4,0.135,0.26,0.634,0.52,0.053,61.079,79.753,0.0,rash_driving
43,1.5,0.395,0.221,0.597,0.51,0.051,62.065,78.263,0.0,rash_driving
44,1.5,0.431,0.134,0.549,0.487,0.063,63.112,66.0,0.0,rash_driving
45,0.4,0.217,0.027,0.501,0.454,0.083,64.189,58.0,0.0,rash_driving
46,1.332,-0.086,-0.061,0.465,0.418,0.101,65.262,58.0,0.0,rash_driving
47,5.181,-0.248,-0.1,0.45,0.387,0.11,66.296,66.0,0.0,rash_driving
48,5.744,-0.147,-0.076,0.459,0.366,0.105,67.265,58.0,0.0,rash_driving
49,5.831,0.141,0.002,0.491,0.36,0.088,68.165,58.0,0.0,rash_driving
50,4.316,0.398,0.108,0.537,0.37,0.067,69.065,58.0,0.0,rash_driving
51,1.646,0.429,0.203,0.586,0.394,0.053,69.965,67.336,0.0,rash_driving
52,0.4,0.211,0.256,0.626,0.427,0.051,70.865,77.827,0.0,rash_driving
53,1.5,-0.091,0.247,0.648,0.463,0.063,71.765,91.463,0.0,rash_driving
54,1.5,-0.248,0.18,0.646,0.494,0.083,72.665,90.866,0.0,rash_driving
55,0.4,-0.143,0.078,0.62,0.514,0.102,73.565,76.18,0.0,rash_driving
56,0.4,0.147,-0.024,0.577,0.52,0.11,74.477,65.044,0.0,rash_driving
57,1.5,0.401,-0.089,0.528,0.51,0.104,75.466,66.0,0.0,rash_driving
58,3.006,0.427,-0.095,0.484,0.485,0.087,76.514,58.0,0.0,rash_driving
59,5.213,0.206,-0.04,0.456,0.452,0.067,77.592,58.0,0.0,rash_driving
60,6.0,-0.096,0.057,0.451,0.417,0.053,78.664,58.0,0.0,rash_driving
61,5.135,-0.249,0.162,0.471,0.386,0.051,79.697,58.0,0.0,rash_driving
62,2.874,-0.138,0.238,0.51,0.366,0.064,80.662,58.0,0.0,rash_driving
63,1.5,0.153,0.259,0.558,0.36,0.084,81.562,68.183,0.0,rash_driving
64,1.5,0.404,0.218,0.605,0.371,0.102,82.462,80.337,0.0,rash_driving
65,0.4,0.425,0.128,0.638,0.395,0.11,83.362,80.981,0.0,rash_driving
66,0.4,0.2,0.022,0.65,0.428,0.104,84.262,83.998,0.0,rash_driving
67,1.5,-0.1,-0.064,0.637,0.464,0.087,85.162,88.65,0.0,rash_driving
68,0.4,-0.249,-0.1,0.603,0.495,0.066,86.062,71.756,0.0,rash_driving
69,1.79,-0.134,-0.073,0.556,0.515,0.052,86.962,59.495,0.0,rash_driving
70,4.421,0.159,0.008,0.507,0.52,0.051,87.877,58.0,0.0,rash_driving
71,5.865,0.407,0.114,0.469,0.509,0.064,88.869,58.0,0.0,rash_driving
72,5.698,0.423,0.208,0.451,0.484,0.084,89.919,58.0,0.0,rash_driving
73,5.068,0.195,0.257,0.457,0.451,0.102,90.997,66.0,0.0,rash_driving
74,2.285,-0.105,0.245,0.486,0.415,0.11,92.069,66.0,0.0,rash_driving
75,0.4,-0.25,0.175,0.53,0.385,0.104,93.099,58.0,0.0,rash_driving
76,0.4,-0.129,0.072,0.58,0.365,0.086,94.062,65.706,0.0,rash_driving
77,1.5,0.164,-0.028,0.622,0.36,0.066,94.962,84.667,0.0,rash_driving
78,0.4,0.409,-0.091,0.646,0.371,0.052,95.862,83.059,0.0,rash_driving
79,0.4,0.42,-0.093,0.647,0.396,0.052,96.762,83.315,0.0,rash_driving
80,0.499,0.189,-0.035,0.625,0.43,0.064,97.662,77.373,0.0,rash_driving
81,3.411,-0.11,0.063,0.583,0.465,0.085,98.562,66.688,0.0,rash_driving
82,5.435,-0.25,0.167,0.534,0.496,0.103,99.462,58.0,0.0,rash_driving
83,7.074,-0.125,0.241,0.489,0.515,0.11,100.362,66.0,0.0,rash_driving
84,5.969,0.17,0.258,0.458,0.52,0.103,101.28,66.0,0.0,rash_driving
85,2.445,0.412,0.214,0.45,0.508,0.086,102.274,58.0,0.0,rash_driving
86,0.4,0.418,0.122,0.467,0.483,0.065,103.325,58.0,0.0,rash_driving
87,1.5,0.183,0.016,0.504,0.45,0.052,104.404,66.0,0.0,rash_driving
88,0.4,-0.115,-0.068,0.552,0.414,0.052,105.474,58.46,0.0,rash_driving
89,0.4,-0.25,-0.1,0.599,0.384,0.065,106.502,70.867,0.0,rash_driving
90,0.4,-0.12,-0.069,0.635,0.365,0.085,107.463,80.123,0.0,rash_driving
91,0.4,0.176,0.014,0.65,0.36,0.103,108.363,83.963,0.0,rash_driving
92,2.239,0.415,0.12,0.64,0.372,0.11,109.263,81.446,0.0,rash_driving
93,5.832,0.415,0.212,0.608,0.397,0.103,110.163,81.189,0.0,rash_driving
94,7.048,0.177,0.258,0.562,0.431,0.085,111.063,69.213,0.0,rash_driving
95,5.528,-0.119,0.242,0.513,0.467,0.065,111.963,58.0,0.0,rash_driving
96,3.595,-0.25,0.169,0.473,0.497,0.052,112.863,58.0,0.0,rash_driving
97,1.819,-0.116,0.066,0.452,0.516,0.052,113.763,66.0,0.0,rash_driving
98,0.4,0.182,-0.033,0.455,0.519,0.065,114.684,58.0,0.0,rash_driving
99,0.4,0.417,-0.092,0.481,0.507,0.086,115.681,58.0,0.0,rash_driving
100,0.4,0.413,-0.091,0.524,0.482,0.103,116.734,58.0,0.0,rash_driving
101,0.4,0.172,-0.031,0.573,0.448,0.11,117.813,64.042,0.0,rash_driving
102,0.4,-0.124,0.069,0.617,0.413,0.103,118.882,75.426,0.0,rash_driving
103,2.066,-0.25,0.172,0.644,0.383,0.085,119.908,90.544,0.0,rash_driving
104,4.895,-0.111,0.243,0.649,0.364,0.064,120.865,91.652,0.0,rash_driving
105,5.622,0.187,0.257,0.629,0.361,0.052,121.765,78.48,0.0,rash_driving
106,5.909,0.42,0.209,0.59,0.373,0.052,122.665,68.294,0.0,rash_driving
107,5.671,0.41,0.116,0.541,0.399,0.066,123.565,66.0,0.0,rash_driving
108,2.003,0.166,0.01,0.494,0.432,0.086,124.465,58.0,0.0,rash_driving
109,0.4,-0.128,-0.071,0.461,0.468,0.104,125.365,58.0,0.0,rash_driving
110,0.4,-0.25,-0.1,0.45,0.498,0.11,126.265,58.0,0.0,rash_driving
111,0.4,-0.106,-0.066,0.463,0.516,0.102,127.165,58.0,0.0,rash_driving
112,0.4,0.193,0.019,0.498,0.519,0.084,128.089,58.0,0.0,rash_driving
113,1.5,0.422,0.126,0.545,0.507,0.064,129.089,66.0,0.0,rash_driving
114,1.5,0.407,0.216,0.594,0.481,0.051,130.143,77.34,0.0,rash_driving
115,2.674,0.16,0.259,0.631,0.447,0.052,131.223,79.169,0.0,rash_driving
116,5.013,-0.133,0.239,0.649,0.412,0.066,132.291,83.815,0.0,rash_driving
117,7.092,-0.249,0.164,0.643,0.382,0.087,133.314,90.14,0.0,rash_driving
118,5.322,-0.102,0.059,0.614,0.364,0.104,134.269,74.555,0.0,rash_driving
119,3.199,0.199,-0.038,0.569,0.361,0.11,135.169,62.917,0.0,rash_driving
