Timestamp,AccX,AccY,AccZ,GyroX,GyroY,GyroZ,Speed,ThrottlePct,BrakePct
0,0.08,-0.03,0.12,0.01,-0.02,0.03,32.0,18.0,0.0
1,0.12,0.01,0.10,0.02,-0.01,0.04,32.4,20.0,0.0
2,0.05,-0.04,0.14,0.01,0.00,0.03,32.7,22.0,0.0
3,0.18,0.02,0.16,0.03,0.01,0.05,33.1,24.0,0.0
4,0.22,-0.01,0.12,0.02,0.01,0.04,33.4,25.0,0.0
5,0.15,0.03,0.10,0.02,-0.01,0.04,33.8,26.0,0.0
6,0.28,0.06,0.18,0.03,0.02,0.06,34.1,28.0,0.0
7,0.35,0.08,0.21,0.05,0.03,0.08,34.6,31.0,0.0
8,0.42,0.11,0.24,0.06,0.04,0.10,35.0,34.0,0.0
9,0.55,0.15,0.26,0.08,0.06,0.12,35.7,38.0,0.0
10,0.68,0.20,0.30,0.10,0.08,0.15,36.3,42.0,0.0
11,0.82,0.26,0.34,0.12,0.10,0.18,37.0,48.0,0.0
12,0.96,0.34,0.38,0.15,0.12,0.22,37.6,55.0,0.0
13,1.12,0.45,0.42,0.18,0.15,0.27,38.4,61.0,0.0
14,1.28,0.52,0.46,0.21,0.17,0.31,39.0,67.0,0.0
15,0.84,0.38,0.31,0.16,0.13,0.22,38.2,28.0,18.0
16,-0.25,0.14,0.18,0.08,0.06,0.11,35.4,10.0,42.0
17,-0.62,0.09,0.12,0.05,0.04,0.07,32.1,4.0,64.0
18,-0.95,0.04,0.06,0.04,0.03,0.05,28.3,2.0,78.0
19,-1.25,-0.02,0.02,0.03,0.02,0.03,24.1,1.0,85.0
20,-1.48,-0.08,-0.04,0.02,0.02,0.02,20.0,0.0,88.0
21,-1.12,-0.15,-0.08,0.03,0.02,0.04,17.6,0.0,70.0
22,-0.74,-0.22,-0.05,0.05,0.03,0.07,16.4,3.0,45.0
23,-0.28,-0.35,0.02,0.09,0.05,0.16,16.1,6.0,20.0
24,0.10,-0.58,0.08,0.14,0.07,0.24,16.2,8.0,5.0
25,0.14,-0.84,0.12,0.18,0.09,0.33,16.3,9.0,0.0
26,0.18,-1.06,0.16,0.24,0.12,0.45,16.5,10.0,0.0
27,0.22,-1.22,0.19,0.29,0.15,0.58,16.8,12.0,0.0
28,0.26,-1.10,0.18,0.27,0.13,0.52,17.0,13.0,0.0
29,0.21,-0.76,0.15,0.20,0.10,0.34,17.1,14.0,0.0
30,0.16,-0.48,0.10,0.13,0.07,0.22,17.3,15.0,0.0
31,0.12,-0.21,0.08,0.09,0.05,0.14,17.8,18.0,0.0
32,0.20,-0.06,0.11,0.07,0.04,0.09,18.4,22.0,0.0
33,0.34,0.00,0.15,0.08,0.05,0.10,19.2,28.0,0.0
34,0.48,0.04,0.18,0.10,0.06,0.12,20.1,34.0,0.0
35,0.62,0.08,0.23,0.13,0.08,0.15,21.3,41.0,0.0
36,0.80,0.12,0.28,0.16,0.10,0.19,22.6,49.0,0.0
37,0.98,0.18,0.32,0.20,0.12,0.23,24.0,58.0,0.0
38,1.16,0.24,0.37,0.24,0.15,0.28,25.6,66.0,0.0
39,1.30,0.30,0.40,0.28,0.18,0.34,27.1,72.0,0.0
40,1.42,0.36,0.44,0.31,0.20,0.40,28.5,76.0,0.0
41,1.35,0.42,0.47,0.34,0.22,0.46,29.4,78.0,0.0
42,1.18,0.50,0.51,0.36,0.24,0.53,29.8,80.0,0.0
43,0.92,0.61,0.56,0.39,0.27,0.62,29.6,74.0,0.0
44,0.58,0.74,0.62,0.43,0.30,0.73,28.9,55.0,8.0
45,0.22,0.88,0.66,0.47,0.33,0.84,27.2,34.0,20.0
46,-0.14,1.04,0.70,0.50,0.36,0.92,25.0,18.0,35.0
47,-0.42,1.18,0.72,0.52,0.38,0.98,22.7,9.0,50.0
48,-0.60,1.30,0.74,0.53,0.39,1.02,20.8,4.0,58.0
49,-0.48,1.10,0.68,0.45,0.31,0.82,20.2,2.0,42.0
50,-0.22,0.78,0.54,0.32,0.23,0.56,20.6,8.0,15.0
51,0.02,0.40,0.36,0.18,0.12,0.28,21.5,16.0,0.0
52,0.20,0.12,0.24,0.10,0.07,0.14,22.7,24.0,0.0
53,0.32,0.04,0.19,0.07,0.05,0.09,23.9,30.0,0.0
54,0.26,-0.02,0.14,0.05,0.03,0.06,24.8,24.0,0.0
55,0.18,-0.06,0.12,0.03,0.02,0.04,25.2,18.0,0.0
56,0.10,-0.05,0.10,0.02,0.01,0.03,25.4,14.0,0.0
57,0.06,-0.04,0.08,0.02,0.01,0.03,25.5,12.0,0.0
58,0.04,-0.03,0.07,0.01,0.01,0.02,25.6,11.0,0.0
59,0.03,-0.02,0.06,0.01,0.00,0.02,25.7,10.0,0.0
