Timestamp,AccX,AccY,AccZ,GyroX,GyroY,GyroZ,Speed,ThrottlePct,BrakePct,label,cause_label
0,-0.040,0.010,0.120,0.012,0.008,0.018,24.200,3.0,74.0,NORMAL,possible_brake_failure
1,-0.030,0.015,0.125,0.014,0.009,0.020,24.207,2.5,78.0,NORMAL,possible_brake_failure
2,-0.020,0.020,0.130,0.016,0.010,0.022,24.194,2.0,82.0,NORMAL,possible_brake_failure
3,-0.010,0.018,0.128,0.017,0.011,0.021,24.176,1.5,86.0,NORMAL,possible_brake_failure
4,0.000,0.012,0.124,0.015,0.010,0.019,24.163,1.0,88.0,NORMAL,possible_brake_failure
5,0.010,0.006,0.121,0.013,0.009,0.017,24.160,0.8,84.0,NORMAL,possible_brake_failure
6,0.020,0.000,0.119,0.011,0.008,0.016,24.164,1.2,80.0,NORMAL,possible_brake_failure
7,0.030,-0.004,0.118,0.010,0.007,0.015,24.149,2.2,76.0,NORMAL,possible_brake_failure
8,-0.040,0.010,0.120,0.012,0.008,0.018,24.136,3.0,74.0,NORMAL,possible_brake_failure
9,-0.030,0.015,0.125,0.014,0.009,0.020,24.143,2.5,78.0,NORMAL,possible_brake_failure
10,-0.020,0.020,0.130,0.016,0.010,0.022,24.130,2.0,82.0,NORMAL,possible_brake_failure
11,-0.010,0.018,0.128,0.017,0.011,0.021,24.112,1.5,86.0,NORMAL,possible_brake_failure
12,0.000,0.012,0.124,0.015,0.010,0.019,24.099,1.0,88.0,NORMAL,possible_brake_failure
13,0.010,0.006,0.121,0.013,0.009,0.017,24.096,0.8,84.0,NORMAL,possible_brake_failure
14,0.020,0.000,0.119,0.011,0.008,0.016,24.100,1.2,80.0,NORMAL,possible_brake_failure
15,0.030,-0.004,0.118,0.010,0.007,0.015,24.085,2.2,76.0,NORMAL,possible_brake_failure
16,-0.040,0.010,0.120,0.012,0.008,0.018,24.072,3.0,74.0,NORMAL,possible_brake_failure
17,-0.030,0.015,0.125,0.014,0.009,0.020,24.079,2.5,78.0,NORMAL,possible_brake_failure
18,-0.020,0.020,0.130,0.016,0.010,0.022,24.066,2.0,82.0,NORMAL,possible_brake_failure
19,-0.010,0.018,0.128,0.017,0.011,0.021,24.048,1.5,86.0,NORMAL,possible_brake_failure
20,0.000,0.012,0.124,0.015,0.010,0.019,24.035,1.0,88.0,NORMAL,possible_brake_failure
21,0.010,0.006,0.121,0.013,0.009,0.017,24.032,0.8,84.0,NORMAL,possible_brake_failure
22,0.020,0.000,0.119,0.011,0.008,0.016,24.036,1.2,80.0,NORMAL,possible_brake_failure
23,0.030,-0.004,0.118,0.010,0.007,0.015,24.021,2.2,76.0,NORMAL,possible_brake_failure
24,-0.040,0.010,0.120,0.012,0.008,0.018,24.008,3.0,74.0,NORMAL,possible_brake_failure
25,-0.030,0.015,0.125,0.014,0.009,0.020,24.015,2.5,78.0,NORMAL,possible_brake_failure
26,-0.020,0.020,0.130,0.016,0.010,0.022,24.002,2.0,82.0,NORMAL,possible_brake_failure
27,-0.010,0.018,0.128,0.017,0.011,0.021,23.984,1.5,86.0,NORMAL,possible_brake_failure
28,0.000,0.012,0.124,0.015,0.010,0.019,23.971,1.0,88.0,NORMAL,possible_brake_failure
29,0.010,0.006,0.121,0.013,0.009,0.017,23.968,0.8,84.0,NORMAL,possible_brake_failure
30,0.020,0.000,0.119,0.011,0.008,0.016,23.972,1.2,80.0,NORMAL,possible_brake_failure
31,0.030,-0.004,0.118,0.010,0.007,0.015,23.957,2.2,76.0,NORMAL,possible_brake_failure
32,-0.040,0.010,0.120,0.012,0.008,0.018,23.944,3.0,74.0,NORMAL,possible_brake_failure
33,-0.030,0.015,0.125,0.014,0.009,0.020,23.951,2.5,78.0,NORMAL,possible_brake_failure
34,-0.020,0.020,0.130,0.016,0.010,0.022,23.938,2.0,82.0,NORMAL,possible_brake_failure
35,-0.010,0.018,0.128,0.017,0.011,0.021,23.920,1.5,86.0,NORMAL,possible_brake_failure
36,0.000,0.012,0.124,0.015,0.010,0.019,23.907,1.0,88.0,NORMAL,possible_brake_failure
37,0.010,0.006,0.121,0.013,0.009,0.017,23.904,0.8,84.0,NORMAL,possible_brake_failure
38,0.020,0.000,0.119,0.011,0.008,0.016,23.908,1.2,80.0,NORMAL,possible_brake_failure
39,0.030,-0.004,0.118,0.010,0.007,0.015,23.893,2.2,76.0,NORMAL,possible_brake_failure
40,-0.040,0.010,0.120,0.012,0.008,0.018,23.880,3.0,74.0,NORMAL,possible_brake_failure
41,-0.030,0.015,0.125,0.014,0.009,0.020,23.887,2.5,78.0,NORMAL,possible_brake_failure
42,-0.020,0.020,0.130,0.016,0.010,0.022,23.874,2.0,82.0,NORMAL,possible_brake_failure
43,-0.010,0.018,0.128,0.017,0.011,0.021,23.856,1.5,86.0,NORMAL,possible_brake_failure
44,0.000,0.012,0.124,0.015,0.010,0.019,23.843,1.0,88.0,NORMAL,possible_brake_failure
45,0.010,0.006,0.121,0.013,0.009,0.017,23.840,0.8,84.0,NORMAL,possible_brake_failure
46,0.020,0.000,0.119,0.011,0.008,0.016,23.844,1.2,80.0,NORMAL,possible_brake_failure
47,0.030,-0.004,0.118,0.010,0.007,0.015,23.829,2.2,76.0,NORMAL,possible_brake_failure
48,-0.040,0.010,0.120,0.012,0.008,0.018,23.816,3.0,74.0,NORMAL,possible_brake_failure
49,-0.030,0.015,0.125,0.014,0.009,0.020,23.823,2.5,78.0,NORMAL,possible_brake_failure
50,-0.020,0.020,0.130,0.016,0.010,0.022,23.810,2.0,82.0,NORMAL,possible_brake_failure
51,-0.010,0.018,0.128,0.017,0.011,0.021,23.792,1.5,86.0,NORMAL,possible_brake_failure
52,0.000,0.012,0.124,0.015,0.010,0.019,23.779,1.0,88.0,NORMAL,possible_brake_failure
53,0.010,0.006,0.121,0.013,0.009,0.017,23.776,0.8,84.0,NORMAL,possible_brake_failure
54,0.020,0.000,0.119,0.011,0.008,0.016,23.780,1.2,80.0,NORMAL,possible_brake_failure
55,0.030,-0.004,0.118,0.010,0.007,0.015,23.765,2.2,76.0,NORMAL,possible_brake_failure
56,-0.040,0.010,0.120,0.012,0.008,0.018,23.752,3.0,74.0,NORMAL,possible_brake_failure
57,-0.030,0.015,0.125,0.014,0.009,0.020,23.759,2.5,78.0,NORMAL,possible_brake_failure
58,-0.020,0.020,0.130,0.016,0.010,0.022,23.746,2.0,82.0,NORMAL,possible_brake_failure
59,-0.010,0.018,0.128,0.017,0.011,0.021,23.728,1.5,86.0,NORMAL,possible_brake_failure
60,0.000,0.012,0.124,0.015,0.010,0.019,23.715,1.0,88.0,NORMAL,possible_brake_failure
61,0.010,0.006,0.121,0.013,0.009,0.017,23.712,0.8,84.0,NORMAL,possible_brake_failure
62,0.020,0.000,0.119,0.011,0.008,0.016,23.716,1.2,80.0,NORMAL,possible_brake_failure
63,0.030,-0.004,0.118,0.010,0.007,0.015,23.701,2.2,76.0,NORMAL,possible_brake_failure
64,-0.040,0.010,0.120,0.012,0.008,0.018,23.688,3.0,74.0,NORMAL,possible_brake_failure
65,-0.030,0.015,0.125,0.014,0.009,0.020,23.695,2.5,78.0,NORMAL,possible_brake_failure
66,-0.020,0.020,0.130,0.016,0.010,0.022,23.682,2.0,82.0,NORMAL,possible_brake_failure
67,-0.010,0.018,0.128,0.017,0.011,0.021,23.664,1.5,86.0,NORMAL,possible_brake_failure
68,0.000,0.012,0.124,0.015,0.010,0.019,23.651,1.0,88.0,NORMAL,possible_brake_failure
69,0.010,0.006,0.121,0.013,0.009,0.017,23.648,0.8,84.0,NORMAL,possible_brake_failure
70,0.020,0.000,0.119,0.011,0.008,0.016,23.652,1.2,80.0,NORMAL,possible_brake_failure
71,0.030,-0.004,0.118,0.010,0.007,0.015,23.637,2.2,76.0,NORMAL,possible_brake_failure
72,-0.040,0.010,0.120,0.012,0.008,0.018,23.624,3.0,74.0,NORMAL,possible_brake_failure
73,-0.030,0.015,0.125,0.014,0.009,0.020,23.631,2.5,78.0,NORMAL,possible_brake_failure
74,-0.020,0.020,0.130,0.016,0.010,0.022,23.618,2.0,82.0,NORMAL,possible_brake_failure
75,-0.010,0.018,0.128,0.017,0.011,0.021,23.600,1.5,86.0,NORMAL,possible_brake_failure
76,0.000,0.012,0.124,0.015,0.010,0.019,23.587,1.0,88.0,NORMAL,possible_brake_failure
77,0.010,0.006,0.121,0.013,0.009,0.017,23.584,0.8,84.0,NORMAL,possible_brake_failure
78,0.020,0.000,0.119,0.011,0.008,0.016,23.588,1.2,80.0,NORMAL,possible_brake_failure
79,0.030,-0.004,0.118,0.010,0.007,0.015,23.573,2.2,76.0,NORMAL,possible_brake_failure
